{"cameraMode":{"drawMode":0,"name":"Shaded","section":"Shading Mode"},"sceneLighting":true,"audioPlay":false,"sceneViewState":{"showFog":false,"showMaterialUpdate":false,"showSkybox":false,"showFlares":false,"showImageEffects":false,"showParticleSystems":false},"in2DMode":false,"pivot":{"x":37.68079376220703,"y":-4.268404960632324,"z":-31.382129669189454},"rotation":{"x":0.027942800894379617,"y":0.9120125770568848,"z":-0.0630289688706398,"w":0.40432602167129519},"size":54.988101959228519,"orthographic":false}